{
  "timestamp": "2025-09-11 09:53:24",
  "chessboard_size": [
    11,
    8
  ],
  "square_size_mm": 40.0,
  "image_pairs_used": 21,
  "left_camera_matrix": [
    [
      722.3526950774478,
      0.0,
      617.7691754016028
    ],
    [
      0.0,
      722.3526950774478,
      390.89900445624244
    ],
    [
      0.0,
      0.0,
      1.0
    ]
  ],
  "left_dist_coeffs": [
    [
      0.12686717941228404,
      -0.21301389385620748,
      0.0005515480468050966,
      0.0008268777539925013,
      0.0631095893520613
    ]
  ],
  "right_camera_matrix": [
    [
      723.5610828026955,
      0.0,
      617.809893987072
    ],
    [
      0.0,
      723.5610828026955,
      318.66989568768105
    ],
    [
      0.0,
      0.0,
      1.0
    ]
  ],
  "right_dist_coeffs": [
    [
      0.14360065355071705,
      -0.22021113874108952,
      0.0010282452980501836,
      -0.00030107834651153163,
      0.05518941150092616
    ]
  ],
  "rotation_matrix": [
    [
      0.998851767951178,
      0.008093960516395738,
      0.047218994736917916
    ],
    [
      -0.00718135559240186,
      0.9997847515627598,
      -0.01946480604696651
    ],
    [
      -0.047366378293696186,
      0.019103359540917728,
      0.9986948922777111
    ]
  ],
  "translation_vector": [
    [
      -119.1123429564877
    ],
    [
      -0.23187608416329292
    ],
    [
      2.6569399086270145
    ]
  ],
  "essential_matrix": [
    [
      0.030063560591233763,
      -2.660797618668553,
      -0.17985664089536754
    ],
    [
      -2.98803117085334,
      2.2969510799737467,
      119.08234654943703
    ],
    [
      1.0869979268267624,
      -119.08482741494038,
      2.3294476090455145
    ]
  ],
  "fundamental_matrix": [
    [
      4.889381550637964e-09,
      -4.3273832276849266e-07,
      0.000145006966966636
    ],
    [
      -4.859578902893324e-07,
      3.735642090383778e-07,
      0.014143941725787002
    ],
    [
      0.0002797532504928686,
      -0.013865146153833767,
      1.0
    ]
  ],
  "rectify_R1": [
    [
      0.9996437936938277,
      0.009611710335346918,
      0.02489780620539915
    ],
    [
      -0.009369467881797041,
      0.9999078082216198,
      -0.009827925978984459
    ],
    [
      -0.02498997401007454,
      0.009591146014205453,
      0.9996416913660164
    ]
  ],
  "rectify_R2": [
    [
      0.9997494168366253,
      0.001946212912682371,
      -0.022300578246453293
    ],
    [
      -0.001729560023790051,
      0.9999511637821116,
      0.009730296651432258
    ],
    [
      0.022318426399542256,
      -0.0096892882142743,
      0.9997039589483223
    ]
  ],
  "rectify_P1": [
    [
      611.401835030741,
      0.0,
      608.861701965332,
      0.0
    ],
    [
      0.0,
      611.401835030741,
      354.9742317199707,
      0.0
    ],
    [
      0.0,
      0.0,
      1.0,
      0.0
    ]
  ],
  "rectify_P2": [
    [
      611.401835030741,
      0.0,
      608.861701965332,
      -72843.75847783902
    ],
    [
      0.0,
      611.401835030741,
      354.9742317199707,
      0.0
    ],
    [
      0.0,
      0.0,
      1.0,
      0.0
    ]
  ],
  "rectify_Q": [
    [
      1.0,
      0.0,
      0.0,
      -608.861701965332
    ],
    [
      0.0,
      1.0,
      0.0,
      -354.9742317199707
    ],
    [
      0.0,
      0.0,
      0.0,
      611.401835030741
    ],
    [
      0.0,
      0.0,
      0.008393331807786187,
      -0.0
    ]
  ],
  "roi1": [
    114,
    28,
    1086,
    591
  ],
  "roi2": [
    69,
    101,
    1075,
    587
  ],
  "baseline_mm": 119.1421979853503,
  "focal_length_rectified": 611.401835030741
}